pi-exit-relay1-tor-ce-23.191.200.2_443,UnredactedSnowden
pi-exit-relay2-tor-ce-23.191.200.3_443,UnredactedManning
pi-exit-relay3-tor-ce-23.191.200.4_443,UnredactedAssange
pi-exit-relay4-tor-ce-23.191.200.5_443,UnredactedEllsberg
pi-exit-relay5-tor-ce-23.191.200.6_443,UnredactedDrake
pi-exit-relay6-tor-ce-23.191.200.7_443,UnredactedRadack
pi-exit-relay7-tor-ce-23.191.200.8_443,UnredactedArea51
pi-exit-relay8-tor-ce-23.191.200.9_443,UnredactedMKUltra
pi-exit-relay9-tor-ce-23.191.200.10_443,UnredactedWikiLeaks
pi-exit-relay10-tor-ce-23.191.200.11_443,UnredactedcDc
pi-exit-relay11-tor-ce-23.191.200.12_443,UnredactedEFF
pi-exit-relay12-tor-ce-23.191.200.13_443,UnredactedTor
pi-exit-relay13-tor-ce-23.191.200.14_443,UnredactedFravor
pi-exit-relay14-tor-ce-23.191.200.15_443,UnredactedChina
pi-exit-relay15-tor-ce-23.191.200.16_443,UnredactedRussia
pi-exit-relay16-tor-ce-23.191.200.17_443,UnredactedCalyx
pi-exit-relay17-tor-ce-23.191.200.18_443,UnredactedBasil
pi-exit-relay18-tor-ce-23.191.200.19_443,UnredactedChonk
pi-exit-relay19-tor-ce-23.191.200.20_443,UnredactedLoki
pi-exit-relay20-tor-ce-23.191.200.21_443,UnredactedIran
pi-exit-relay21-tor-ce-23.191.200.22_443,UnredactedLille
pi-exit-relay22-tor-ce-23.191.200.23_443,UnredactedBB
pi-exit-relay23-tor-ce-23.191.200.24_443,UnredactedLibra
pi-exit-relay24-tor-ce-23.191.200.25_443,UnredactedCapricorn
pi-exit-relay25-tor-ce-23.191.200.26_443,UnredactedLeaks
pi-exit-relay26-tor-ce-23.191.200.27_443,UnredactedUFO
pi-exit-relay27-tor-ce-23.191.200.28_443,UnredactedAlien
pi-exit-relay28-tor-ce-23.191.200.29_443,UnredactedXMR
pi-exit-relay29-tor-ce-23.191.200.30_443,UnredactedTLS
pi-exit-relay30-tor-ce-23.191.200.31_443,UnredactedL7
pi-exit-relay31-tor-ce-23.191.200.32_443,UnredactedFelt
pi-exit-relay32-tor-ce-23.191.200.33_443,UnredactedSerpico
pi-exit-relay33-tor-ce-23.191.200.34_443,UnredactedSilkwood
pi-exit-relay34-tor-ce-23.191.200.35_443,UnredactedWigand
pi-exit-relay35-tor-ce-23.191.200.36_443,UnredactedCooper
pi-exit-relay36-tor-ce-23.191.200.37_443,UnredactedWatkins
pi-exit-relay37-tor-ce-23.191.200.38_443,UnredactedRowley
pi-exit-relay38-tor-ce-23.191.200.39_443,UnredactedDarby
pi-exit-relay39-tor-ce-23.191.200.40_443,UnredactedKlein
pi-exit-relay40-tor-ce-23.191.200.41_443,UnredactedGrnhouse
pi-exit-relay41-tor-ce-23.191.200.42_443,UnredactedEdmonds
pi-exit-relay42-tor-ce-23.191.200.43_443,UnredactedWhitrst
pi-exit-relay43-tor-ce-23.191.200.44_443,UnredactedGun
pi-exit-relay44-tor-ce-23.191.200.45_443,UnredactedProvance
pi-exit-relay45-tor-ce-23.191.200.46_443,UnredactedTice
pi-exit-relay46-tor-ce-23.191.200.47_443,UnredactedBinney
pi-exit-relay47-tor-ce-23.191.200.48_443,UnredactedWiebe
pi-exit-relay48-tor-ce-23.191.200.49_443,UnredactedRoark
pi-exit-relay49-tor-ce-23.191.200.50_443,UnredactedPierpont
pi-exit-relay50-tor-ce-23.191.200.51_443,UnredactedKiriakou
pi-exit-relay51-tor-ce-23.191.200.52_443,UnredactedBarlow
pi-exit-relay52-tor-ce-23.191.200.53_443,UnredactedBuxtun
pi-exit-relay53-tor-ce-23.191.200.54_443,UnredactedHale
pi-exit-relay54-tor-ce-23.191.200.55_443,UnredactedWinner
pi-exit-relay55-tor-ce-23.191.200.56_443,UnredactedDeltour
pi-exit-relay56-tor-ce-23.191.200.57_443,UnredactedHalet
pi-exit-relay57-tor-ce-23.191.200.58_443,UnredactedElmer
pi-exit-relay58-tor-ce-23.191.200.59_443,UnredactedFalciani
pi-exit-relay59-tor-ce-23.191.200.60_443,UnredactedBirknfld
pi-exit-relay60-tor-ce-23.191.200.61_443,UnredactedMeili
pi-exit-relay61-tor-ce-23.191.200.62_443,UnredactedVanunu
pi-exit-relay62-tor-ce-23.191.200.63_443,UnredactedRodchnkv
pi-exit-relay63-tor-ce-23.191.200.64_443,UnredactedHaugen
pi-exit-relay64-tor-ce-23.191.200.65_443,UnredactedWylie
pi-exit-relay65-tor-ce-23.191.200.66_443,UnredactedKaiser
pi-exit-relay66-tor-ce-23.191.200.67_443,UnredactedZatko
pi-exit-relay67-tor-ce-23.191.200.68_443,UnredactedShultz
pi-exit-relay68-tor-ce-23.191.200.69_443,UnredactedCheung
pi-exit-relay69-tor-ce-23.191.200.70_443,UnredactedMarkopls
pi-exit-relay70-tor-ce-23.191.200.71_443,UnredactedWinston
pi-exit-relay71-tor-ce-23.191.200.72_443,UnredactedFleischn
pi-exit-relay72-tor-ce-23.191.200.73_443,UnredactedFoster
pi-exit-relay73-tor-ce-23.191.200.74_443,UnredactedBowen
pi-exit-relay74-tor-ce-23.191.200.75_443,UnredactedAlmonte
pi-exit-relay75-tor-ce-23.191.200.76_443,UnredactedAguirre
pi-exit-relay76-tor-ce-23.191.200.77_443,UnredactedBenArtzi
pi-exit-relay77-tor-ce-23.191.200.78_443,UnredactedPotter
pi-exit-relay78-tor-ce-23.191.200.79_443,UnredactedLin
pi-exit-relay79-tor-ce-23.191.200.80_443,UnredactedEckard
pi-exit-relay80-tor-ce-23.191.200.81_443,UnredactedBornstein
pi-exit-relay81-tor-ce-23.191.200.82_443,UnredactedGraham
pi-exit-relay82-tor-ce-23.191.200.83_443,UnredactedJones
pi-exit-relay83-tor-ce-23.191.200.84_443,UnredactedHechler
pi-exit-relay84-tor-ce-23.191.200.85_443,UnredactedHodler
pi-exit-relay85-tor-ce-23.191.200.86_443,UnredactedMaguire
pi-exit-relay86-tor-ce-23.191.200.87_443,UnredactedWoodford
pi-exit-relay87-tor-ce-23.191.200.88_443,UnredactedGualtieri
pi-exit-relay88-tor-ce-23.191.200.89_443,UnredactedCutler
pi-exit-relay89-tor-ce-23.191.200.90_443,UnredactedPonting
pi-exit-relay90-tor-ce-23.191.200.91_443,UnredactedShayler
pi-exit-relay91-tor-ce-23.191.200.92_443,UnredactedMachon
pi-exit-relay92-tor-ce-23.191.200.93_443,UnredactedMurray
pi-exit-relay93-tor-ce-23.191.200.94_443,UnredactedJames
pi-exit-relay94-tor-ce-23.191.200.95_443,UnredactedVanBuitn
pi-exit-relay95-tor-ce-23.191.200.96_443,UnredactedAndreasen
pi-exit-relay96-tor-ce-23.191.200.97_443,UnredactedGalizia
pi-exit-relay97-tor-ce-23.191.200.98_443,UnredactedLisi
pi-exit-relay98-tor-ce-23.191.200.99_443,UnredactedMacLean
pi-exit-relay99-tor-ce-23.191.200.100_443,UnredactedGayl
pi-exit-relay100-tor-ce-23.191.200.101_443,UnredactedPiltz
pi-exit-relay101-tor-ce-23.191.200.102_443,UnredactedHansen
pi-exit-relay102-tor-ce-23.191.200.103_443,UnredactedQintnlla
pi-exit-relay103-tor-ce-23.191.200.104_443,UnredactedChambers
pi-exit-relay104-tor-ce-23.191.200.105_443,UnredactedTurner
pi-exit-relay105-tor-ce-23.191.200.106_443,UnredactedWhitman
pi-exit-relay106-tor-ce-23.191.200.107_443,UnredactedAdebayo
pi-exit-relay107-tor-ce-23.191.200.108_443,UnredactedDeWitt
pi-exit-relay108-tor-ce-23.191.200.109_443,UnredactedGalatis
pi-exit-relay109-tor-ce-23.191.200.110_443,UnredactedGundersen
pi-exit-relay110-tor-ce-23.191.200.111_443,UnredactedMcCoy
pi-exit-relay111-tor-ce-23.191.200.112_443,UnredactedChemnsky
pi-exit-relay112-tor-ce-23.191.200.113_443,UnredactedWilson
pi-exit-relay113-tor-ce-23.191.200.114_443,UnredactedRitter
pi-exit-relay114-tor-ce-23.191.200.115_443,UnredactedBolkovac
pi-exit-relay115-tor-ce-23.191.200.116_443,UnredactedAlderson
pi-exit-relay116-tor-ce-23.191.200.117_443,UnredactedDeKort
pi-exit-relay117-tor-ce-23.191.200.118_443,UnredactedDonziger
pi-exit-relay118-tor-ce-23.191.200.119_443,UnredactedMollath
pi-exit-relay119-tor-ce-23.191.200.120_443,UnredactedWilkinson
pi-exit-relay120-tor-ce-23.191.200.121_443,UnredactedGill
pi-exit-relay121-tor-ce-23.191.200.122_443,UnredactedAhmed
pi-exit-relay122-tor-ce-23.191.200.123_443,UnredactedWenliang
pi-exit-relay123-tor-ce-23.191.200.124_443,UnredactedAiFen
